Own,Res,PolyNm,PolyPr,MxPolyPr,TotOwn,AvParcel
RR,0,1,1.002182267,0.99972,10434.76,169
IND,0,4,0.252431858,0.27244,87.8003,135
IND,0,1,1.006030083,1.0067,326.0493,326
IND,0,2,0.495930976,0.73634,326.0493,228
LBR,0,3,0.334892177,0.51183,129.2224,100
IND,0,2,0.502432833,0.52551,234.9976,307
IND,0,1,1.003811772,1.00373,528.4252,378
IND,0,1,1.002490262,1.00477,528.4252,378
IND,0,1,0.996054093,0.99289,234.9976,235
IND,0,1,0.99835604,0.99996,528.4252,188
RE,0,1,1.011280143,1.00894,1109.086,203
LBR,0,2,0.495862831,0.7447,284.2507,244
LBR,0,1,1.000982214,0.99846,284.2507,284
IND,0,2,0.501138127,0.73603,121.9041,83
IND,0,4,0.246659815,0.25635,43.6514,42
IND,0,4,0.248039308,0.25845,43.7634,42
IND,0,3,0.335051546,0.51146,79.3787,52
IND,0,2,0.499632986,0.74012,119.9881,81
IND,0,2,0.498731883,0.7569,161.5727,101
IND,0,3,0.330114715,0.5081,80.0365,94
RR,0,1,1.001037661,0.9998,10434.76,480
RR,0,1,0.998839857,0.99965,10434.76,480
RR,0,1,1.000574523,1.00005,10434.76,480
RE,0,1,0.996706535,0.99685,320.676,321
RR,0,1,1.00636733,1.00547,10434.76,159
IND,0,2,0.499727712,0.52421,81.8224,78
RE,0,1,1.002619343,1.00044,320.676,321
RR,0,2,0.511901715,0.77489,10434.76,315
RR,0,1,1.003244671,1.00136,10434.76,553
RR,0,1,0.97310245,0.97585,10434.76,553
RR,0,2,0.485557769,0.73303,10434.76,315
IND,0,2,0.503157637,0.50873,117.361,154
IND,0,2,0.530417131,0.53294,157.7475,158
IND,0,2,0.497171931,0.50292,157.5377,158
IND,0,2,0.487373187,0.72873,190.2962,154
RR,0,1,0.986532244,0.98465,10434.76,311
IND,0,3,0.330986722,0.49765,10434.76,52
IND,0,3,0.331854877,0.50149,78.5818,52
RR,0,1,0.988459577,0.98554,10434.76,311
IND,0,3,0.334300492,0.50415,79.9284,66
IND,0,4,0.24932873,0.25637,40.1019,54
IND,0,4,0.24414521,0.38051,60.7837,59
IND,0,2,0.497651706,0.74834,120.3002,101
IND,0,3,0.333385752,0.49348,78.4516,53
IND,0,2,0.501949882,0.74066,115.0951,78
IND,0,2,0.502535226,0.50608,78.5513,78
IND,0,3,0.330460866,0.49851,78.4442,52
IND,0,3,0.333249497,0.50254,79.9245,53
IND,0,1,0.992227551,0.98881,143.5053,144
IND,0,2,0.499211246,0.51339,77.1316,75
IND,0,1,0.999148873,0.99674,161.611,162
IND,0,2,0.498995771,0.51865,83.1516,80
IND,0,2,0.496938857,0.52452,79.1631,75
IND,0,3,0.331628762,0.47721,71.9495,63
IND,0,3,0.336899897,0.51602,82.7106,66
IND,0,3,0.331700347,0.49021,76.8506,52
IND,0,3,0.336651147,0.51327,80.8068,79
IND,0,2,0.4931933,0.49309,77.9839,98
OTHER_ND,0,2,0.502116516,0.5117,157.6914,79
IND,0,2,0.5069837,0.51688,118.4978,98
IND,0,4,0.245553282,0.25196,40.0186,59
IND,0,2,0.500246957,0.51583,81.4614,79
IND,0,2,0.497138268,0.51592,80.9471,78
IND,0,1,1.0028937,1.0004,350.7137,351
IND,0,3,0.333523613,0.50018,350.7137,143
IND,0,2,0.500831509,0.74559,350.7137,195
IND,0,2,0.498883907,0.49979,78.1427,78
RR,0,1,0.992575023,0.99112,10434.76,232
IND,0,2,0.502878658,0.50226,77.9045,155
RR,0,2,0.501159735,0.50086,10434.76,78
IND,0,2,0.501127537,0.50444,78.516,78
IND,0,2,0.50589563,0.50804,78.3316,117
IND,0,3,0.340855741,0.50762,78.9304,79
IND,0,2,0.496783644,0.5013,118.6308,98
IND,0,2,0.499785349,0.50378,156.0951,117
IND,0,2,0.506056868,0.73477,116.1571,80
IND,0,4,0.253762022,0.25902,40.8292,40
IND,0,3,0.334865989,0.4894,75.9976,52
IND,0,3,0.329542517,0.49556,76.6938,130
RR,0,2,0.498852001,0.75045,10434.76,157
IND,0,2,0.501281758,0.75629,156.8972,157
IND,0,2,0.501224511,0.50207,315.5053,236
IND,0,2,0.503572817,0.51276,315.5053,236
IND,0,1,0.99463154,0.99417,315.5053,316
IND,0,4,0.25326875,0.25714,40.6118,49
IND,0,4,0.252507717,0.25155,39.8498,79
IND,0,2,0.499449973,0.74415,474.5598,98
IND,0,4,0.247600183,0.2555,40.2455,39
IND,0,2,0.500215718,0.75532,474.5598,120
IND,0,1,1.004188523,1.00165,151.6163,152
IND,0,2,0.496432306,0.50323,76.0279,75
IND,0,3,0.331533876,0.49651,474.5598,93
IND,0,2,0.499126529,0.75041,155.1301,97
IND,0,2,0.501901434,0.75639,474.5598,136
IND,0,3,0.337784009,0.51128,80.2238,53
IND,0,2,0.505390836,0.74382,114.7985,78
IND,0,2,0.499172259,0.49876,78.9358,79
IND,0,3,0.334868675,0.50738,80.305,53
IND,0,2,0.505296014,0.76354,119.3754,79
IND,0,1,0.993557498,0.99591,159.3769,159
IND,0,1,0.998135558,0.9978,158.9474,159
IND,0,2,0.496252976,0.74085,117.9392,79
IND,0,2,0.496445207,0.5156,84.1266,81
RR,0,1,1.005214933,1.00331,10434.76,165
IND,0,3,0.329751691,0.49978,80.3282,53
IND,0,2,0.503562237,0.50686,81.5311,81
IND,0,3,0.336491951,0.49591,82.5319,56
RE,0,2,0.500167703,0.7412,1109.086,85
IND,0,1,1.00162375,0.99979,160.7063,161
IND,0,1,0.994091369,0.99687,160.4483,160
RR,0,1,1.007330806,1.01006,10434.76,495
IND,0,2,0.498189718,0.50043,86.3877,291
RR,0,2,0.495496626,0.7319,10434.76,289
RR,0,2,0.501690068,0.74564,10434.76,289
IND,0,4,0.252748641,0.26462,695.6422,87
IND,0,3,0.331861368,0.48099,89.8623,89
IND,0,2,0.50447499,0.51648,87.0231,85
IND,0,2,0.500738589,0.51776,82.7207,103
RR,0,1,0.99766173,0.99823,10434.76,408
RR,0,1,0.998092403,0.99607,10434.76,408
IND,0,1,0.99499541,0.99788,168.4879,168
IND,0,2,0.499167015,0.50518,80.9647,245
IND,0,1,1.000648219,0.99798,158.5774,159
IND,0,2,0.496820975,0.50139,79.7281,79
IND,0,1,1.002477823,1.00002,158.6094,159
IND,0,1,1.003072303,0.99997,158.5096,159
IND,0,2,0.502017366,0.50563,81.5834,283
RR,0,2,0.497524814,0.501,10434.76,282
RR,0,1,0.993612491,0.99608,10434.76,484
RR,0,1,0.99727289,0.99664,10434.76,484
IND,0,3,0.335199064,0.49428,78.1547,53
IND,0,2,0.499996875,0.50332,80.5329,80
IND,0,2,0.499563672,0.85681,135.4949,79
IND,0,1,1.004890038,1.00227,156.5914,157
RR,0,1,1.012164958,1.00928,10434.76,427
RR,0,1,1.002874481,1.00433,10434.76,427
IND,0,2,0.49233681,0.51288,80.2135,254
IND,0,3,0.330406273,0.51913,81.7029,183
IND,0,3,0.330988829,0.52069,81.8037,52
IND,0,3,0.335088862,0.51083,80.7968,53
IND,0,3,0.332908299,0.5118,81.481,53
IND,0,3,0.335264796,0.49052,77.5446,53
RR,0,3,0.33850918,0.52719,10434.76,199
RR,0,3,0.339279095,0.52334,10434.76,199
RR,0,1,0.984798748,0.98786,10434.76,479
RR,0,1,0.98260289,0.9797,10434.76,479
IND,0,3,0.330952143,0.50156,80.3224,107
LBR,0,3,0.337337656,0.61692,178.0918,139
RR,0,2,0.498345238,0.97949,10434.76,209
RR,0,2,0.499756529,0.7395,10434.76,228
RR,0,2,0.50072541,0.94131,10434.76,213
IND,0,1,1.004241517,1.00252,160.7234,161
LBR,0,1,1.003021447,1.00488,162.3001,162
IND,0,1,0.998751561,0.99573,159.5161,160
RR,0,2,0.507394344,0.7714,10434.76,82
IND,0,4,0.247678019,0.25908,10434.76,40
IND,0,2,0.498544872,0.744,119.3882,80
IND,0,1,0.987006422,0.98794,164.1559,164
IND,0,2,0.50684543,0.76174,126.2445,84
IND,0,1,1.003077767,1.00169,160.7769,161
IND,0,2,0.502141315,0.7531,296.8448,170
IND,0,1,0.974498662,0.97663,296.8448,297
RR,0,1,1.01098179,1.0123,10434.76,242
RR,0,2,0.505542004,0.51864,10434.76,160
IND,0,3,0.330198414,0.47636,157.2596,82
IND,0,4,0.251326946,0.26027,43.4958,42
IND,0,3,0.33496058,0.50124,80.8068,106
IND,0,3,0.334979281,0.53456,86.1746,108
IND,0,1,0.997907418,0.99998,1342.637,408
RR,0,2,0.496984757,0.75763,10434.76,82
IND,0,3,0.332159286,0.51589,1342.637,162
IND,0,1,1.002079315,1.0019,1342.637,408
IND,0,2,0.499327126,0.50614,83.1201,122
IND,0,2,0.4989897,0.49881,80.9712,81
IND,0,2,0.503056066,0.76361,201.6259,120
IND,0,2,0.495773375,0.50323,201.6259,181
LBR,0,1,1.000662939,0.9994,29343.98,595
LBR,0,1,0.997985081,1.0001,29343.98,595
LBR,0,2,0.497233744,0.73661,29343.98,318
LBR,0,1,1.006776867,1.00573,29343.98,595
IND,0,2,0.504354044,0.51157,80.131,79
IND,0,3,0.334930852,0.50514,82.9512,55
IND,0,3,0.326974106,0.47853,76.1041,52
IND,0,1,1.008591943,1.01094,1420.329,355
IND,0,2,0.498957873,0.75177,1420.329,196
IND,0,3,0.330603733,0.49261,117.444,65
IND,0,3,0.336330696,0.47774,1420.329,172
LBR,0,1,0.993923937,0.99406,1550.861,358
IND,0,1,1.00682263,1.00782,1342.637,200
IND,0,4,0.251366807,0.25972,10434.76,160
LBR,0,1,1.002682175,1.00194,1550.861,358
IND,0,1,0.999881264,0.99834,159.7537,160
IND,0,2,0.500040628,0.50392,80.6218,80
IND,0,2,0.501297106,0.74749,119.29,80
IND,0,1,1.002443456,1.00029,159.6559,160
RR,0,1,0.998176172,0.9997,10434.76,610
RR,0,2,0.492486503,0.74463,10434.76,325
RR,0,1,1.002978168,1.00476,10434.76,610
RR,0,1,1.003929491,1.00509,10434.76,610
IND,0,1,1.00651421,1.00389,160.5799,161
IND,0,2,0.49675537,0.75301,119.7529,79
IND,0,1,1.002186018,0.99999,159.6498,160
RR,0,1,1.002130315,1.00157,10434.76,318
RR,0,1,0.998938235,1,10434.76,318
IND,0,1,0.999720575,0.99996,161.0388,161
IND,0,1,0.997546408,0.99974,161.355,161
IND,0,1,1.015056674,1.01393,161.8204,162
LBR,0,1,1.008140263,1.00846,1550.861,640
LBR,0,1,1.00651421,1.00816,1550.861,640
LBR,0,1,0.990546472,0.99192,1550.861,640
LBR,0,1,0.979790275,0.97814,1550.861,640
IND,0,1,1.006703016,1.00677,634.205,634
IND,0,1,1.006023645,1.00321,634.205,634
IND,0,1,0.990394444,0.99268,634.205,634
IND,0,1,0.989678164,0.99148,634.205,634
LBR,0,1,1.002595326,1.00278,1550.861,239
IND,0,3,0.334532073,0.48606,1342.637,65
LBR,0,3,0.331967161,0.50174,316.4855,91
LBR,0,2,0.503816409,0.50964,1550.861,198
IND,0,1,1.007434612,1.00488,277.2744,199
IND,0,2,0.494510346,0.72776,123.6211,84
IND,0,1,1.0155821,1.01363,171.6692,172
IND,0,2,0.503508627,0.74143,116.3303,158
IND,0,1,1.017769357,1.01567,847.9947,643
IND,0,1,1.017061355,1.01553,847.9947,643
IND,0,1,0.986775984,0.98423,847.9947,643
IND,0,1,0.985719864,0.98407,847.9947,643
IND,0,3,0.332859648,0.49113,1420.329,52
LBR,0,1,1.001888174,0.99997,29343.98,156
IND,0,3,0.336209795,0.4932,79.2152,54
IND,0,1,1.002918674,0.99999,847.9947,167
LBR,0,2,0.501286636,0.73034,29343.98,75
IND,0,3,0.331176597,0.50586,82.4836,215
RE,0,3,0.339218877,0.51147,378.4445,182
IND,0,1,0.990645299,0.99175,319.6587,281
LBR,0,3,0.330837209,0.50174,29343.98,221
LBR,0,1,0.992376484,0.99421,29343.98,585
LBR,0,1,0.998656979,0.99831,29343.98,585
LBR,0,1,1.004667252,1.00725,29343.98,585
IND,0,4,0.252370707,0.25431,166.2225,80
IND,0,2,0.497849911,0.50486,121.2681,120
IND,0,4,0.248899602,0.26478,40.4254,49
IND,0,3,0.330141961,0.47686,72.2217,63
LBR,0,2,0.498622228,0.75089,29343.98,153
LBR,0,1,1.002303998,0.9998,29343.98,268
IND,0,3,0.335401643,0.49957,74.4739,50
IND,0,4,0.251027857,0.25493,37.5758,37
IND,0,3,0.3354226,0.44031,66.9485,51
IND,0,2,0.491808514,0.73933,115.7547,77
IND,0,2,0.49690264,0.75565,802.7424,90
RE,0,2,0.497523689,0.75161,816.5568,88
IND,0,3,0.336178068,0.52388,88.8255,57
IND,0,2,0.501072417,0.76941,166.2225,327
LBR,0,1,0.991012753,0.99091,29343.98,527
LBR,0,1,1.01268324,1.01155,29343.98,527
LBR,0,1,1.005135328,1.00464,29343.98,527
RE,0,4,0.251098556,0.25387,266.1697,94
IND,0,1,1.004079431,1.00689,215.7637,216
IND,0,2,0.506358248,0.50732,88.1677,128
IND,0,3,0.332736918,0.50003,167.121,96
LBR,0,1,1.002796259,1.00205,1550.861,313
LBR,0,1,0.999764387,1.00213,1550.861,313
IND,0,1,1.009005226,1.00622,802.7424,666
IND,0,1,1.004484305,1.00201,802.7424,666
IND,0,1,0.994551323,0.99401,802.7424,666
IND,0,1,0.96890585,0.96804,802.7424,666
IND,0,4,0.25129016,0.25857,42.1891,93
IND,0,1,0.998944864,1.00016,160.1944,160
IND,0,4,0.255445347,0.27699,1420.329,92
IND,0,1,0.997674134,1,1420.329,250
IND,0,2,0.496601184,0.74869,1342.637,157
IND,0,2,0.498869445,0.5026,77.5767,77
IND,0,1,1.002792587,0.99999,157.56,158
IND,0,1,1.004510822,1.00161,1342.637,275
IND,0,2,0.502893269,0.50945,1420.329,270
IND,0,1,1.007871605,1.00826,1420.329,463
IND,0,1,0.991825542,0.99165,1420.329,463
IND,0,2,0.497968289,0.49621,74.7365,269
IND,0,1,1.000317982,0.99999,1342.637,301
IND,0,1,0.995447487,0.99623,1342.637,301
IND,0,3,0.332015911,0.50083,78.4407,52
IND,0,1,0.99983547,0.99998,1420.329,158
IND,0,2,0.50245098,0.51541,1342.637,82
LBR,0,4,0.262674022,0.28491,1591.651,159
LBR,0,1,1.035642838,1.03873,1591.651,435
LBR,0,1,0.981910193,0.98265,1591.651,435
LBR,0,3,0.333532614,0.46795,1591.651,199
IND,0,2,0.504854369,0.74107,348.4637,195
IND,0,2,0.496581968,0.73114,348.4637,194
IND,0,3,0.338318307,0.50227,348.4637,143
RE,0,3,0.33213847,0.50894,197.2462,156
LBR,0,1,1.005133816,1.00388,1591.651,475
LBR,0,1,1.000337694,1.00002,1591.651,475
LBR,0,1,0.997008973,0.99618,1591.651,475
LBR,0,2,0.512714009,0.77736,1591.651,223
LBR,0,3,0.332245018,0.63893,1591.651,154
LBR,0,1,0.988715461,0.98994,1591.651,370
IND,0,2,0.498558654,0.75405,464.2623,251
IND,0,2,0.503840166,0.76325,464.2623,251
IND,0,1,0.980678682,0.97791,464.2623,464
RE,0,2,0.501249912,0.50458,197.2462,271
LBR,0,1,1.021588281,1.02416,1591.651,312
LBR,0,1,0.981442979,0.98351,1591.651,312
LBR,0,1,0.984923588,0.98807,29343.98,153
IND,1,2,0.497610313,0.53484,92.436,86
IND,1,2,0.502221133,0.52694,88.1347,84
IND,1,2,0.499232194,0.50344,79.6672,79
IND,1,3,0.335334797,0.47439,74.9792,53
IND,1,2,0.504357774,0.51343,83.4766,82
IND,1,4,0.247891374,0.27749,44.7761,51
IND,1,4,0.249935954,0.26534,82.9501,50
IND,1,3,0.331144448,0.49166,78.6915,53
IND,1,3,0.33645523,0.46395,75.8428,55
IND,1,3,0.3354579,0.54372,89.1468,55
IND,1,2,0.503938184,0.51671,83.0536,81
IND,1,4,0.249177714,0.256,41.0964,40
IND,1,2,0.500485227,0.53088,86.9799,82
IND,1,3,0.33575557,0.52845,88.1396,68
IND,1,4,0.248672154,0.26298,84.9293,60
IND,1,4,0.250054699,0.27888,79.8918,50
IND,1,4,0.250148526,0.29324,46.8909,40
IND,1,4,0.248911809,0.27351,42.855,39
IND,1,4,0.2506407,0.26914,42.9534,40
IND,1,3,0.337103903,0.54576,87.425,54
IND,1,3,0.331072049,0.49043,78.5117,53
IND,1,3,0.331061709,0.46478,74.4084,53
IND,1,2,0.501429073,0.50518,80.5985,80
IND,1,2,0.501463647,0.50055,79.8545,80
IND,1,4,0.251697423,0.27188,44.2879,72
IND,1,3,0.331858407,0.49231,80.1091,80
IND,1,2,0.502958764,0.50375,81.129,81
IND,1,3,0.333090712,0.51292,83.1546,68
IND,1,3,0.333906968,0.50981,79.3946,52
IND,1,4,0.253100481,0.27581,43.5902,59
IND,1,3,0.330797221,0.50379,79.1943,78
IND,1,3,0.335837042,0.50246,77.8007,52
IND,1,3,0.33493501,0.4798,74.4914,52
IND,1,3,0.333735527,0.51402,80.0917,52
IND,1,2,0.498802873,0.50089,80.3356,80
IND,1,2,0.50302748,0.5123,82.4934,81
IND,1,3,0.335029552,0.50925,80.5614,53
IND,1,2,0.498017386,0.5308,84.2004,79
IND,1,3,0.330024625,0.46627,73.4682,52
IND,1,4,0.248233722,0.25544,40.1331,39
IND,1,2,0.496625493,0.52823,82.965,78
IND,1,4,0.249056459,0.28212,44.1782,39
IND,1,3,0.33158613,0.49193,77.1463,52
IND,1,4,0.247957529,0.27368,43.0458,48
IND,1,3,0.334404667,0.49872,80.5349,54
IND,1,2,0.499596006,0.51826,84.0267,81
LBR,1,3,0.336622677,0.4856,156.7206,66
IND,1,3,0.330211896,0.51511,82.6782,79
IND,1,4,0.25254279,0.26309,41.6713,40
IND,1,3,0.333986603,0.52013,82.5402,65
IND,1,3,0.334640325,0.53572,84.8471,65
IND,1,2,0.499772256,0.50027,79.0802,79
IND,1,3,0.332044832,0.50447,80.5236,53
IND,1,2,0.500813048,0.5055,81.759,81
VAC,1,3,0.332772662,0.52526,86.8141,55
IND,1,2,0.500838905,0.51499,82.2605,80
IND,1,4,0.250286265,0.26153,41.7977,40
IND,1,3,0.332304197,0.5522,91.3965,55
IND,1,3,0.33123754,0.50201,81.8408,81
IND,1,3,0.337569624,0.46491,74.3706,68
IND,1,2,0.490948916,0.49943,79.3477,78
IND,1,3,0.333744742,0.49784,79.0605,53
IND,1,2,0.501193467,0.5106,81.5026,80
IND,1,2,0.507353494,0.51674,82.4989,81
IND,1,2,0.497336143,0.51729,83.2112,80
IND,1,2,0.501219014,0.53993,87.2564,81
IND,1,3,0.332168692,0.4872,79.2045,107
IND,1,2,0.500203787,0.53112,86.0077,81
IND,1,4,0.250699065,0.27919,87.7964,79
IND,1,2,0.49859371,0.5007,78.3308,78
IND,1,3,0.326078617,0.48018,75.1021,64
IND,1,3,0.340752742,0.53325,82.942,79
VAC,1,2,0.496425095,0.74052,114.8618,77
IND,1,3,0.335291349,0.45238,70.1601,80
IND,1,2,0.500638635,0.53859,83.9141,78
IND,1,2,0.500545466,0.5118,79.754,78
IND,1,2,0.499856291,0.50937,81.5235,80
IND,1,2,0.496671047,0.50175,79.8089,79
IND,1,2,0.50551006,0.52882,83.6896,80
IND,1,2,0.502417886,0.52847,84.1496,80
IND,1,2,0.49535761,0.49766,78.3627,78
IND,1,3,0.331539619,0.50102,78.5831,64
IND,1,3,0.33693365,0.54745,86.1152,66
IND,1,2,0.49841848,0.55234,86.4393,78
IND,1,2,0.499903865,0.54965,85.7628,78
IND,1,2,0.507585227,0.54189,85.4078,80
IND,1,2,0.492657508,0.5002,79.1956,78
IND,1,3,0.333161514,0.45001,71.589,53
IND,1,3,0.334663568,0.44064,69.7837,53
VAC,1,2,0.502284783,0.73601,198.751,121
IND,1,3,0.330465222,0.52148,85.2133,108
IND,1,2,0.5033176,0.5582,90.9427,82
IND,1,2,0.496993496,0.5464,89.0523,81
IND,1,3,0.332076039,0.46408,74.0684,66
IND,1,2,0.483128161,0.51073,81.4002,77
IND,1,3,0.334035017,0.44654,70.8513,53
IND,1,3,0.33347805,0.55455,88.1358,68
IND,1,4,0.250934732,0.28787,45.8889,49
IND,1,4,0.246091755,0.27393,87.063,69
IND,1,3,0.340958214,0.54156,88.9475,83
IND,1,3,0.338339505,0.55456,88.5108,67
IND,1,3,0.330818266,0.47927,75.3358,52
IND,1,3,0.335849149,0.47266,77.4051,55
IND,1,4,0.250016769,0.28047,86.2932,51
IND,1,4,0.247889759,0.25614,86.2932,51
IND,1,2,0.496495885,0.53722,84.3979,78
IND,1,3,0.33436859,0.46199,71.8488,77
IND,1,3,0.33031516,0.51045,78.8139,79
IND,1,2,0.50639078,0.52575,82.0215,79
IND,1,3,0.332657751,0.52366,85.0059,54
IND,1,2,0.502266324,0.53675,87.6305,82
IND,1,2,0.496666129,0.51725,83.3162,80
IND,1,2,0.510410507,0.52067,83.6491,82
IND,1,3,0.335668233,0.55552,87.7138,53
IND,1,4,0.252705529,0.30031,47.5365,40
IND,1,3,0.327427053,0.54086,85.8976,52
IND,1,2,0.49882555,0.55378,87.7048,79
IND,1,2,0.499257514,0.53855,84.1394,78
IND,1,2,0.502254304,0.51302,87.8448,86
IND,1,3,0.336225661,0.50682,85.9219,57
IND,1,4,0.253213026,0.25358,41.0608,51
IND,1,3,0.333374491,0.50033,81.0439,67
IND,1,3,0.334674058,0.49579,81.4784,55
IND,1,3,0.333660815,0.48954,79.2292,67
IND,1,3,0.333700614,0.51469,81.7462,66
IND,1,3,0.333352202,0.49991,79.482,53
IND,1,3,0.330337862,0.51485,84.1628,69
IND,1,4,0.247942381,0.26998,91.6512,62
IND,1,4,0.251740154,0.26481,42.077,50
IND,1,3,0.333396238,0.49543,78.7592,53
IND,1,3,0.332515898,0.49673,83.6568,56
VAC,1,3,0.330887132,0.50139,84.8572,56
IND,1,2,0.50243152,0.50095,80.7621,81
IND,1,3,0.33508945,0.50158,80.8317,54
IND,1,3,0.33592645,0.42546,72.1928,57
IND,1,3,0.331951174,0.47367,81.3361,111
VAC,1,1,1.021104923,1.02029,207.2896,207
IND,1,2,0.488113192,0.49788,79.5621,78
IND,1,2,0.496734116,0.51022,89.362,87
VAC,1,2,0.497888079,0.51014,170.0196,129
VAC,1,2,0.499786276,0.50491,170.0196,123
VAC,1,2,0.500431622,0.78848,126.0494,80
IND,1,2,0.475089079,0.50926,81.4665,76
IND,1,2,0.527082322,0.54145,78.0721,76
VAC,1,1,1.045638195,1.04576,259.7416,260
VAC,1,2,0.480394298,0.70327,259.7416,150
IND,1,2,0.498265414,0.55948,89.8284,80
VAC,1,1,0.996232994,0.99472,159.7574,160
IND,1,2,0.510983019,0.53066,85.1579,82
IND,1,2,0.492445021,0.53165,85.2896,79
IND,1,2,0.498292885,0.4991,81.1316,81
IND,1,2,0.501448629,0.54056,87.319,81
IND,1,2,0.496259444,0.50589,81.5528,80
IND,1,2,0.499300363,0.49875,80.9115,81
IND,1,4,0.250925287,0.26403,42.0896,59
IND,1,3,0.330115229,0.51624,82.8826,80
IND,1,3,0.335183047,0.49312,79.4462,54
IND,1,3,0.331229298,0.53053,84.891,53
IND,1,2,0.49697412,0.53095,84.4011,79
IND,1,3,0.332032351,0.46767,74.6521,53
IND,1,4,0.249912531,0.2721,81.1871,50
IND,1,4,0.250900104,0.26476,42.2102,49
IND,1,2,0.500114224,0.51996,84.2148,81
IND,1,2,0.501464152,0.50333,81.3024,81
IND,1,3,0.335635127,0.50081,80.5758,54
IND,1,3,0.334825581,0.50466,81.3921,54
IND,1,2,0.501638065,0.50034,80.7918,81
IND,1,3,0.333520681,0.49757,80.5624,54
IND,1,2,0.502962572,0.50018,81.5479,82
IND,1,2,0.498204005,0.52177,84.8318,81
IND,1,2,0.496148646,0.50105,80.7905,80
IND,1,4,0.252164928,0.25266,41.0807,41
IND,1,3,0.331870644,0.51187,83.2891,67
IND,1,3,0.334694839,0.50042,80.7387,54
IND,1,3,0.334381889,0.50558,81.6478,54
IND,1,2,0.500056256,0.50407,80.6436,80
IND,1,4,0.25050414,0.26701,42.6359,40
IND,1,3,0.32888409,0.51886,83.616,53
IND,1,4,0.249017936,0.25268,79.0042,50
IND,1,3,0.335158083,0.48869,78.7368,54
IND,1,4,0.249437207,0.2551,40.9093,40
IND,1,4,0.25019703,0.25865,41.3521,50
IND,1,2,0.498153718,0.50099,80.4563,80
IND,1,2,0.499257355,0.50053,80.2052,80
IND,1,4,0.24980016,0.25441,85.7869,62
IND,1,3,0.336446502,0.4509,72.3699,80
IND,1,2,0.489448617,0.49611,79.0631,150
VAC,1,1,1.053725358,1.05196,220.3551,220
IND,1,3,0.33518804,0.54333,72.9445,45
IND,1,3,0.319649013,0.46789,74.652,51
IND,1,2,0.502578858,0.50279,80.0343,80
IND,1,4,0.250142126,0.26772,35.3194,33
IND,1,4,0.253953596,0.25808,33.5364,33
IND,1,3,0.326943269,0.47356,75.3197,52
IND,1,3,0.333236925,0.49627,78.9307,53
IND,1,3,0.33382252,0.49466,78.5361,53
IND,1,3,0.334091869,0.48842,77.4835,53
IND,1,3,0.333526317,0.48238,76.6548,53
VAC,1,3,0.330819934,0.49791,314.1548,158
IND,1,3,0.337038678,0.49897,79.945,80
IND,1,2,0.50696609,0.52474,83.8411,199
VAC,1,1,0.976458585,0.97403,314.1548,314
IND,1,3,0.333396238,0.47382,75.3232,66
IND,1,4,0.251396824,0.26772,42.5977,40
VAC,1,2,0.495061914,0.49807,79.4809,79
IND,1,4,0.250892236,0.25533,40.7091,50
IND,1,2,0.499525451,0.50888,81.4985,80
IND,1,3,0.337510547,0.51874,82.9965,67
IND,1,3,0.330784834,0.49807,79.8047,53
IND,1,4,0.249402992,0.26081,41.8303,40
IND,1,2,0.499183435,0.50216,81.483,81
IND,1,2,0.497757021,0.5119,83.3016,81
IND,1,2,0.504621595,0.51158,83.1319,82
IND,1,2,0.499941365,0.51019,82.6618,81
IND,1,2,0.500169811,0.50089,81.1178,81
IND,1,2,0.492495598,0.49933,81.1117,80
IND,1,2,0.502285087,0.50133,80.8475,81
IND,1,3,0.335939979,0.48716,78.3091,54
IND,1,2,0.497132169,0.50054,80.5491,80
IND,1,2,0.49802657,0.51183,82.2177,80
IND,1,3,0.33675703,0.50224,80.5367,54
IND,1,3,0.329956981,0.48435,77.8002,53
IND,1,2,0.500747992,0.52257,83.4879,80
IND,1,2,0.50238949,0.52378,83.4073,80
IND,1,2,0.498683853,0.5153,81.6332,79
IND,1,3,0.333394141,0.47984,76.282,53
IND,1,3,0.33247392,0.47342,75.4687,53
IND,1,3,0.336306113,0.50137,80.5054,54
IND,1,3,0.330092613,0.50806,81.5748,53
IND,1,3,0.332200925,0.49881,79.5817,53
IND,1,4,0.24979236,0.27016,43.2626,40
IND,1,3,0.331175486,0.50091,80.1637,53
IND,1,3,0.330997614,0.51347,82.2188,53
IND,1,3,0.330580574,0.51301,82.2493,53
IND,1,3,0.331938773,0.49958,79.7675,53
IND,1,3,0.334870102,0.50206,64.4687,43
VAC,1,3,0.332071975,0.50017,64.7678,43
IND,1,3,0.338350105,0.54606,87.1514,54
IND,1,2,0.498510778,0.5183,82.1373,79
IND,1,2,0.504130863,0.50919,67.6728,67
IND,1,4,0.250811555,0.26488,36.9639,35
IND,1,4,0.252232255,0.25519,40.4693,40
IND,1,3,0.333274643,0.50197,79.828,53
IND,1,3,0.33347805,0.48102,76.4495,53
IND,1,2,0.498485849,0.50095,80.397,80
IND,1,4,0.249194789,0.26668,42.8073,40
IND,1,3,0.332215501,0.52016,82.9844,53
IND,1,2,0.497876149,0.50391,79.9584,79
IND,1,2,0.500510135,0.5024,78.2957,78
IND,1,4,0.248873687,0.25725,80.6049,39
IND,1,4,0.248928054,0.26552,81.7861,40
IND,1,3,0.337677281,0.5014,80.1823,54
IND,1,3,0.332540673,0.49533,78.9457,67
IND,1,4,0.24981108,0.25544,40.9022,50
IND,1,4,0.250218942,0.26591,42.5085,40
IND,1,4,0.248971437,0.26551,81.3417,40
IND,1,4,0.251813054,0.26209,41.6337,40
VAC,1,1,0.99977853,0.99732,157.6123,158
IND,1,4,0.250344223,0.27419,43.8111,40
IND,1,2,0.498753117,0.50171,80.4755,80
VAC,1,1,0.994327953,0.99513,319.0652,319
VAC,1,1,1.004678032,1.00428,319.0652,319
RE,0,1,0.992656597,0.9938,7979.678,670
RE,0,1,0.995999217,0.99388,7979.678,670
RE,0,1,1.021010994,1.02006,7979.678,670
RE,0,1,1.003547573,1.0059,7979.678,670
RE,0,2,0.507701947,0.55613,7979.678,275
RE,0,2,0.509728217,0.71083,7979.678,302
IND,0,2,0.486642293,0.51116,138.8867,302
RE,0,1,0.973196797,0.97064,7979.678,464
RE,0,1,1.026953408,1.0267,7979.678,677
RE,0,1,0.998722305,0.99731,7979.678,677
RE,0,1,0.975951553,0.97872,7979.678,677
RE,0,1,0.968459462,0.96791,7979.678,677
IND,0,2,0.499170822,0.53234,95.9812,90
IND,0,3,0.336700337,0.53193,97.9504,62
RE,0,2,0.500221974,0.548,695.6422,80
IND,0,2,0.49431228,0.50688,81.0095,79
IND,0,1,0.99820752,0.99949,519.1225,519
IND,0,2,0.50850151,0.74633,473.279,348
IND,0,2,0.498063777,0.77655,519.1225,348
IND,0,1,0.986347207,0.98337,519.1225,519
IND,0,2,0.492576919,0.73768,473.279,171
IND,0,1,0.932001193,0.92993,174.6128,175
IND,0,2,0.546302296,0.79763,473.279,171
IND,0,4,0.256551448,0.28029,44.7952,107
IND,0,3,0.331805775,0.48455,77.3987,81
IND,0,3,0.331662266,0.50772,198.0855,92
IND,0,2,0.498928583,0.75787,198.0855,118
IND,0,2,0.495997489,0.52097,124.7926,100
IND,0,3,0.336505206,0.49868,120.4587,148
RE,0,2,0.504934016,0.76804,695.6422,162
IND,0,1,0.994771234,0.99519,160.0684,160
IND,0,3,0.335614267,0.50712,158.561,106
IND,0,1,0.995330087,0.99526,639.918,640
IND,0,1,1.010869972,1.01258,639.918,640
IND,0,1,0.985406012,0.98535,639.918,640
IND,0,1,1.007263559,1.00515,639.918,640
RE,0,1,1.003304635,1.00179,7979.678,239
RE,0,2,0.499319677,0.50782,695.6422,201
RE,0,3,0.331295553,0.50628,695.6422,125
IND,0,2,0.502405265,0.84891,174.3039,100
RE,0,1,1.010760519,1.01203,7979.678,632
RE,0,1,1.013732614,1.01075,7979.678,632
RE,0,1,0.994709665,0.99591,7979.678,632
RE,0,1,0.966616967,0.96754,7979.678,632
RE,0,1,1.016042106,1.0171,318.3366,318
RE,0,1,1.043230452,1.04234,7979.678,319
RE,0,1,0.978801063,0.98122,7979.678,319
RE,0,1,0.983672293,0.98473,318.3366,318
RE,0,1,1.00297759,1.00588,7979.678,550
IND,0,2,0.516994622,0.57148,90.6427,320
RE,0,1,0.994974748,0.9981,7979.678,550
RE,0,1,0.982970198,0.98087,7979.678,550
RE,0,1,1.021113585,1.01924,7979.678,474
IND,0,2,0.511861279,0.52228,82.6492,278
RE,0,1,0.98391054,0.98239,7979.678,474
RE,0,2,0.500101286,0.5006,7979.678,276
RE,0,2,0.513890717,0.75636,7979.678,318
RE,0,1,0.997659578,0.99811,7979.678,593
RE,0,1,0.986509328,0.98631,7979.678,593
RE,0,1,0.979192166,0.98136,7979.678,593
IND,0,1,1.008185204,1.00916,634.4252,634
IND,0,1,0.98629242,0.98819,634.4252,634
IND,0,1,1.006150092,1.00519,634.4252,634
IND,0,1,0.990380066,0.99114,634.4252,634
IND,0,1,1.000932546,0.99905,241.1079,241
IND,0,3,0.334973047,0.4988,241.1079,122
IND,0,2,0.501790338,0.729,117.6768,100
IND,0,1,0.999546789,1.00263,161.4971,161
IND,0,4,0.248383952,0.39994,64.4069,40
IND,0,1,0.999797509,0.99983,158.0058,158
IND,0,1,1.008736035,1.00926,159.0819,159
IND,0,1,1.003540441,1.00631,161.4443,161
IND,0,2,0.507429774,0.50988,472.3011,277
IND,0,1,0.985509826,0.98589,472.3011,472
IND,0,1,0.989512429,0.98809,472.3011,472
IND,0,3,0.331996993,0.49532,472.3011,185
IND,0,3,0.324799031,0.48599,77.8079,52
IND,0,3,0.343083132,0.52481,164.0564,81
IND,0,3,0.336255853,0.49767,164.0564,82
IND,0,2,0.498774884,0.51469,82.5531,80
IND,0,1,0.988728495,0.9892,552.0418,552
IND,0,1,1.009331556,1.00939,552.0418,552
IND,0,1,1.006341852,1.00476,552.0418,552
IND,0,2,0.502426274,0.50374,552.0418,315
IND,0,1,0.995379935,0.99849,318.1929,318
RE,0,2,0.50055687,0.75326,7979.678,80
IND,0,2,0.500829499,0.75784,121.0551,80
IND,0,1,0.996003458,0.99409,318.1929,318
RE,0,1,1.012012969,1.01338,7979.678,641
RE,0,1,1.000356377,0.99765,7979.678,641
RE,0,1,0.973205652,0.97085,7979.678,641
RE,0,1,1.022571393,1.02049,7979.678,641
RE,0,1,0.988432833,0.98996,7979.678,635
RE,0,1,1.018209076,1.01788,7979.678,635
RE,0,1,0.98761728,0.98972,7979.678,635
RE,0,1,0.97045436,0.97168,7979.678,635
RE,0,1,0.994523744,0.99366,7979.678,549
RE,0,1,1.008518493,1.0115,7979.678,549
RE,0,3,0.332162248,0.51221,7979.678,209
RE,0,1,0.988789439,0.98815,7979.678,549
RE,0,1,1.035575426,1.03264,7979.678,634
RE,0,1,0.979649175,0.9767,7979.678,634
RE,0,2,0.493378976,0.86941,7979.678,326
RE,0,1,1.019380511,1.01819,7979.678,634
IND,0,1,1.003468781,1.00072,161.557,162
IND,0,2,0.493958273,0.50186,81.2802,137
IND,0,2,0.507576508,0.53637,248.611,139
IND,0,2,0.497221773,0.7684,123.632,158
IND,0,2,0.496967867,0.50042,79.5497,79
IND,0,2,0.501504514,0.50642,79.7748,79
IND,0,2,0.499336325,0.50535,79.9519,79
IND,0,2,0.501422787,0.50916,81.236,80
IND,0,2,0.492368291,0.73608,118.1048,79
IND,0,3,0.328720904,0.49632,160.1206,53
IND,0,4,0.248365445,0.3059,187.2797,40
IND,0,4,0.255780004,0.26936,43.177,41
IND,0,2,0.498821534,0.50395,80.8233,80
IND,0,1,0.998920421,1.00147,161.4105,161
IND,0,2,0.496749663,0.79192,129.1313,81
IND,0,3,0.336306113,0.60026,96.383,54
IND,0,4,0.247250135,0.26091,41.1554,39
IND,0,3,0.418304513,0.53179,86.4493,68
IND,0,2,0.372654381,0.50303,83.6921,62
IND,0,3,0.335789454,0.77746,122.712,66
IND,0,2,0.498883748,0.51645,82.8179,80
IND,0,2,0.509081767,0.51086,187.2797,100
IND,0,4,0.24635365,0.25391,59.2281,60
IND,0,1,0.996677741,0.99382,158.5446,159
IND,0,4,0.245087257,0.25338,40.3211,39
IND,0,3,0.333681705,0.4949,78.6082,107
RR,0,1,0.999750062,0.99978,10434.76,201
RR,0,2,0.504000896,0.51275,10434.76,81
IND,0,1,0.991005683,0.99113,418.4447,236
IND,0,1,1.015801354,1.01554,248.611,162
IND,0,2,0.500901623,0.50222,80.2117,80
IND,0,2,0.500146918,0.50762,81.1957,159
IND,0,2,0.497075844,0.76755,125.0754,81
IND,0,1,1.002213478,1.00368,418.4447,163
IND,0,1,1.001698532,1.00007,160.7386,161
RE,0,1,0.995130082,0.99623,7979.678,160
IND,0,3,0.331647459,0.49037,76.8866,52
RE,0,1,1.000841472,0.9981,7979.678,313
RE,0,1,0.993777812,0.99178,7979.678,313
IND,0,1,1.007891984,1.0073,158.9067,159
RR,0,3,0.333840276,0.51832,10434.76,158
IND,0,3,0.333785445,0.5096,96.1844,63
RR,0,2,0.502563072,0.75672,10434.76,193
RR,0,2,0.514513032,0.81127,10434.76,215
IND,0,4,0.250604322,0.25315,48.4881,48
IND,0,4,0.249633351,0.2679,42.9275,40
IND,0,3,0.33680744,0.50118,80.3544,54
LBR,0,1,1.030689947,1.03245,29343.98,709
LBR,0,1,0.976880495,0.97838,29343.98,709
LBR,0,1,0.964990883,0.96715,29343.98,709
LBR,0,1,1.010494075,1.01168,29343.98,709
IND,0,2,0.459662097,0.46105,178.0452,134
IND,0,3,0.303806698,0.45822,90.4967,60
IND,0,1,1.094920196,1.09804,906.1516,265
IND,0,2,0.558424365,0.56068,906.1516,221
LBR,0,3,0.34166047,0.56944,29343.98,209
LBR,0,3,0.336725346,0.55826,29343.98,210
LBR,0,1,0.970096008,0.96978,29343.98,538
LBR,0,1,0.98268718,0.9854,29343.98,538
IND,0,1,1.003067634,1.00488,206.3721,206
IND,0,3,0.331705764,0.50567,114.3354,75
IND,0,2,0.496095437,0.72322,123.9165,142
IND,0,2,0.500434753,0.71155,160.4503,103
LBR,0,1,1.023771474,1.02322,29343.98,659
LBR,0,1,0.995183078,0.99636,29343.98,659
LBR,0,1,0.983851868,0.98496,29343.98,659
LBR,0,1,0.991543815,0.98847,29343.98,659
IND,0,1,1.01467521,1.01183,906.1516,641
IND,0,1,0.999637631,1.00091,906.1516,641
IND,0,1,0.994684654,0.99454,906.1516,641
IND,0,1,0.997381873,0.99467,906.1516,641
LBR,0,1,1.013790064,1.01633,29343.98,635
LBR,0,1,0.995789951,0.9967,29343.98,635
LBR,0,1,0.974346402,0.97335,29343.98,635
LBR,0,1,1.007404423,1.00819,29343.98,635
IND,0,1,1.018009979,1.0176,398.105,398
IND,0,1,0.987700922,0.9897,398.105,398
IND,0,3,0.333343816,0.49941,200.0917,212
IND,0,2,0.502695706,0.75835,200.0917,299
RR,0,2,0.509275649,0.77722,10434.76,160
IND,0,1,1.022329165,1.02178,29343.98,322
IND,0,1,0.985240106,0.98656,29343.98,322
RR,0,1,0.969190912,0.96863,10434.76,281
IND,0,1,1.054362425,1.0532,167.814,168
IND,0,2,0.506880433,0.51202,81.8224,81
IND,0,1,0.986957174,0.98594,157.8374,158
IND,0,1,1.027317886,1.02693,163.9386,164
IND,0,2,0.497675415,0.75091,119.1984,79
IND,0,2,0.498979933,0.50843,80.4974,79
IND,0,1,1.001379258,1.00207,159.1092,159
IND,0,2,0.502534659,0.75978,120.952,80
IND,0,2,0.493753086,0.75744,121.1897,99
IND,0,3,0.337884343,0.51357,82.0778,66
IND,0,1,1.000856984,1.00068,159.9717,160
IND,0,2,0.499946881,0.74559,119.3072,80
LBR,0,1,1.022142235,1.02099,29343.98,638
LBR,0,1,0.984585283,0.9875,29343.98,638
LBR,0,1,0.989881903,0.99001,29343.98,638
LBR,0,1,1.002393214,1.00162,29343.98,638
IND,0,1,1.013299557,1.0121,632.5535,633
IND,0,1,1.008320227,1.00778,632.5535,633
IND,0,1,0.988621408,0.98865,632.5535,633
IND,0,1,0.988970148,0.98784,632.5535,633
LBR,0,1,1.017224164,1.01994,29343.98,640
LBR,0,1,1.01592876,1.01558,29343.98,640
LBR,0,1,0.987228512,0.98413,29343.98,640
LBR,0,1,0.976198174,0.97834,29343.98,640
LBR,0,2,0.500411731,0.76474,29343.98,181
LBR,0,2,0.498930862,0.75487,29343.98,208
IND,0,2,0.501247221,0.75206,168.7891,105
LBR,0,2,0.499547878,0.51027,316.4855,98
LBR,0,1,1.005081946,1.00367,29343.98,658
LBR,0,1,1.007167973,1.00611,29343.98,658
LBR,0,1,1.004217714,1.0014,29343.98,658
LBR,0,1,0.99138499,0.99048,29343.98,658
IND,0,2,0.509256672,0.77773,125.2295,82
IND,0,3,0.3354579,0.4585,153.8185,81
IND,0,2,0.498728243,0.49879,153.8185,117
IND,0,2,0.49237136,0.49758,79.8365,79
LBR,0,1,1.017779732,1.01498,29343.98,632
LBR,0,1,1.018085241,1.0199,29343.98,632
LBR,0,1,0.974879555,0.97401,29343.98,632
LBR,0,1,0.961490435,0.96242,29343.98,632
IND,0,2,0.505460218,0.53402,85.578,120
IND,0,2,0.503790871,0.75145,120.82,81
IND,0,3,0.330687831,0.48732,78.1038,53
IND,0,3,0.331733086,0.49261,154.8806,78
LBR,0,2,0.508174712,0.74958,29343.98,318
LBR,0,1,1.02715703,1.02623,29343.98,594
LBR,0,1,0.976045943,0.97407,29343.98,594
LBR,0,1,0.984264389,0.98409,29343.98,594
IND,0,2,0.500830491,0.74896,118.1403,79
IND,0,1,1.00300266,1.00512,235.9777,236
IND,0,2,0.501129126,0.50421,79.4862,158
IND,0,1,0.994860941,0.99581,157.1504,157
LBR,0,1,0.997384219,1.00025,29343.98,198
RR,0,2,0.499266702,0.75411,10434.76,281
RR,0,1,1.005948759,1.00454,10434.76,363
RR,0,3,0.33709759,0.50346,10434.76,148
IND,0,3,0.329395094,0.49537,79.7066,53
IND,0,1,0.999306731,0.99687,159.6114,160
IND,0,2,0.500178188,0.5109,81.7158,100
IND,0,3,0.329805042,0.49896,80.1842,79
RR,0,2,0.494996773,0.72539,10434.76,158
LBR,0,1,0.999132828,0.99783,29343.98,319
LBR,0,1,1.006529862,1.0088,29343.98,319
RR,0,1,0.997571948,0.99494,10434.76,274
IND,0,3,0.344942207,0.49162,78.3873,69
IND,0,4,0.251324164,0.26258,83.9143,69
IND,0,3,0.327354909,0.46913,114.6007,65
IND,0,1,1.023792176,1.0208,162.5232,163
LBR,0,1,1.017350794,1.0178,29343.98,645
LBR,0,1,1.015209573,1.01432,29343.98,645
LBR,0,1,0.99561308,0.99683,29343.98,645
LBR,0,1,0.978900638,0.97983,29343.98,645
IND,0,3,0.334028701,0.49875,201.1823,92
IND,0,3,0.333790308,0.49403,29343.98,82
IND,0,3,0.334384255,0.50277,84.2,56
IND,0,2,0.49735583,0.5262,83.5825,99
LBR,0,1,1.001960357,0.99989,29343.98,663
LBR,0,1,0.994784738,0.99605,29343.98,663
LBR,0,1,0.990722178,0.99013,29343.98,663
LBR,0,1,1.013379091,1.0139,29343.98,663
IND,0,2,0.497005694,0.75907,165.4713,102
IND,0,2,0.498256104,0.74369,120.9004,143
IND,0,3,0.334900336,0.49991,80.6068,54
IND,0,2,0.494923936,0.50168,158.0782,80
LBR,0,1,1.001261082,1.00055,29343.98,638
LBR,0,1,0.998234373,1.00041,29343.98,638
LBR,0,1,0.988898218,0.9903,29343.98,638
LBR,0,1,1.011550644,1.01254,29343.98,638
IND,0,2,0.504960115,0.7526,117.7443,79
IND,0,3,0.333476557,0.45857,71.5073,65
IND,0,2,0.498055667,0.73822,152.5062,117
IND,0,4,0.254655419,0.26622,41.8181,68
IND,0,1,0.997162911,0.99848,155.2049,155
IND,0,1,1.01311958,1.01012,315.7293,316
IND,0,1,0.997427019,0.99869,315.7293,316
IND,0,1,1.000872556,0.99922,155.7437,156
IND,0,3,0.331326261,0.50741,79.6363,91
RE,0,2,0.499033517,0.73413,816.5568,99
IND,0,3,0.336435309,0.48886,77.0131,66
IND,0,3,0.333126197,0.50007,78.0598,66
LBR,0,1,0.998255476,1.00022,29343.98,528
LBR,0,1,0.995594494,0.99504,29343.98,528
LBR,0,1,1.008252735,1.00912,29343.98,528
IND,0,2,0.501190327,0.77676,123.9875,80
IND,0,3,0.325785959,0.4763,76.0252,52
IND,0,1,0.998379987,1.00079,237.9377,238
IND,0,2,0.496608603,0.76329,121.424,79
IND,0,2,0.497571975,0.50022,79.4214,159
LBR,0,1,1.032910006,1.03357,29343.98,647
LBR,0,1,1.013120536,1.01225,29343.98,647
LBR,0,1,0.989519803,0.98846,29343.98,647
LBR,0,1,0.996996625,0.99458,29343.98,647
LBR,0,2,0.514703147,0.57513,29343.98,216
LBR,0,2,0.494266509,0.51611,29343.98,216
RE,0,3,0.32759324,0.50063,80.9962,135
IND,0,3,0.334997984,0.43534,29343.98,125
LBR,0,1,1.009858746,1.00922,29343.98,636
LBR,0,1,0.994267231,0.99121,29343.98,636
LBR,0,1,1.023483612,1.02217,29343.98,636
LBR,0,1,0.9823492,0.97989,29343.98,636
IND,0,2,0.49668463,0.49967,80.4813,80
IND,0,2,0.503787737,0.50959,81.9334,121
IND,0,2,0.4989522,0.50017,80.1968,120
IND,0,2,0.504270737,0.50992,81.9077,81
LBR,0,1,1.019284613,1.01746,29343.98,636
LBR,0,1,1.005802222,1.00483,29343.98,636
LBR,0,1,0.979585685,0.97981,29343.98,636
LBR,0,1,0.999289813,0.99816,29343.98,636
LBR,0,2,0.499821938,0.74501,29343.98,301
LBR,0,2,0.485587997,0.71539,29343.98,282
LBR,0,1,1.006586305,1.00786,29343.98,523
LBR,0,2,0.511355841,0.7895,29343.98,301
LBR,0,1,0.976696154,0.97797,29343.98,642
LBR,0,1,0.991290361,0.99374,29343.98,642
LBR,0,1,1.005715714,1.00624,29343.98,642
LBR,0,1,1.022271812,1.0221,29343.98,642
IND,0,2,0.501268837,0.50611,80.7733,80
LBR,0,1,0.999145385,0.99817,29343.98,481
LBR,0,1,0.981029345,0.97886,29343.98,481
LBR,0,1,1.024113796,1.02324,29343.98,481
IND,0,3,0.330500772,0.50633,79.6648,52
IND,0,3,0.335288126,0.50558,159.3427,106
IND,0,2,0.499222729,0.5019,159.3427,138
IND,0,1,0.990444748,0.99246,156.3176,156
LBR,0,1,1.031043791,1.03276,29343.98,597
LBR,0,1,0.996386522,0.99782,29343.98,597
LBR,0,1,0.984668211,0.98281,29343.98,597
LBR,0,2,0.494102048,0.73911,29343.98,318
IND,0,2,0.501495082,0.76144,121.4679,80
IND,0,1,0.992484582,0.99224,158.9624,159
IND,0,1,1.000262569,0.99964,159.9012,160
IND,0,2,0.502316937,0.50094,79.7813,80
LBR,0,1,1.006382088,1.00814,29343.98,639
LBR,0,1,1.011633789,1.01276,29343.98,639
LBR,0,1,0.989082532,0.98991,29343.98,639
LBR,0,1,0.989987343,0.98837,29343.98,639
IND,0,1,0.997034139,0.99431,237.0158,237
IND,0,3,0.33382252,0.5004,237.0158,106
IND,0,1,0.997471817,0.99997,159.3992,159
IND,0,2,0.496480644,0.50162,79.8185,79
LBR,0,1,0.993017254,0.9952,29343.98,628
LBR,0,1,1.014867813,1.01421,29343.98,628
LBR,0,1,0.96969236,0.97111,29343.98,628
LBR,0,1,0.992113644,0.99526,29343.98,628
IND,0,3,0.325300744,0.49845,78.1475,51
IND,0,2,0.511231108,0.52822,82.6591,119
IND,0,2,0.499756529,0.50853,118.856,137
IND,0,4,0.249432381,0.25571,78.0926,58
LBR,0,1,1.009571515,1.00929,29343.98,617
LBR,0,1,1.022907925,1.02572,29343.98,617
LBR,0,1,1.00713441,1.00607,29343.98,617
LBR,0,1,0.961563282,0.96094,29343.98,617
IND,0,1,1.006698416,1.00916,156.3817,156
IND,0,1,0.994663249,0.99391,155.883,156
IND,0,2,0.491931053,0.75735,159.7251,117
IND,0,4,0.25215789,0.26625,159.7251,78
LBR,0,1,0.98483605,0.98785,29343.98,598
LBR,0,1,1.006715606,1.00581,29343.98,598
LBR,0,2,0.500043754,0.75608,29343.98,318
LBR,0,1,1.003458461,1.00574,29343.98,598
LBR,0,2,0.51891216,0.54079,29343.98,161
LBR,0,2,0.483316293,0.48567,29343.98,161
RE,0,3,0.331419853,0.49057,816.5568,53
IND,0,2,0.51019407,0.79226,204.7098,119
IND,0,2,0.489169781,0.54517,204.7098,136
LBR,0,1,1.020558804,1.01831,29343.98,479
LBR,0,1,1.02338133,1.0225,29343.98,479
IND,0,4,0.248520323,0.29024,44.3804,155
LBR,0,2,0.495907156,0.77493,29343.98,274
LBR,0,1,1.014656144,1.01181,29343.98,636
LBR,0,1,1.015785688,1.01595,29343.98,636
LBR,0,1,0.990400731,0.9899,29343.98,636
LBR,0,1,0.989506192,0.9904,29343.98,636
LBR,0,1,0.999515763,0.99986,29343.98,161
LBR,0,1,0.992633288,0.99199,29343.98,159
IND,0,3,0.336201422,0.49955,80.2367,81
LBR,0,1,0.994190201,0.9926,29343.98,199
IND,0,3,0.328193696,0.5029,200.3517,120
LBR,0,1,1.006061055,1.00685,29343.98,485
LBR,0,1,0.996113926,0.99599,29343.98,485
LBR,0,1,0.981766315,0.98446,29343.98,485
LBR,0,1,1.000484707,0.99998,29343.98,646
LBR,0,1,1.010873049,1.00985,29343.98,646
LBR,0,1,0.983925123,0.98491,29343.98,646
LBR,0,1,0.998214374,1.00001,29343.98,646
LBR,0,1,1.016455422,1.01616,29343.98,485
LBR,0,1,1.04457474,1.04282,29343.98,485
RE,0,2,0.499155749,0.51606,241.7585,327
RE,0,2,0.493415981,0.52917,241.7585,327
LBR,0,1,0.981263991,0.97888,29343.98,655
LBR,0,1,1.046851182,1.04517,29343.98,655
LBR,0,1,1.020282729,1.02233,29343.98,655
LBR,0,1,0.972972307,0.9753,29343.98,655
LBR,0,1,0.997807288,0.99816,29343.98,644
LBR,0,1,0.998385327,1.00119,29343.98,644
LBR,0,1,1.015637096,1.01568,29343.98,644
LBR,0,1,0.965543706,0.96329,29343.98,644
LBR,0,1,1.007391737,1.00491,29343.98,626
LBR,0,1,1.030337722,1.03312,29343.98,626
LBR,0,1,0.972960598,0.97572,29343.98,626
LBR,0,1,0.950660111,0.94924,29343.98,626
LBR,0,1,0.983051691,0.98459,29343.98,479
RE,0,3,0.348133136,0.55646,816.5568,203
LBR,0,2,0.484914798,0.76025,29343.98,256
LBR,0,1,0.983167916,0.98196,29343.98,479
LBR,0,1,1.050191707,1.0474,29343.98,642
LBR,0,1,0.992395767,0.99058,29343.98,642
LBR,0,1,0.964630225,0.9619,29343.98,642
LBR,0,1,0.984922631,0.98284,29343.98,642
LBR,0,2,0.503095263,0.74805,29343.98,283
LBR,0,1,0.998249982,1.00006,29343.98,526
IND,0,2,0.492565342,0.50753,82.4316,304
LBR,0,1,0.999270471,1.00018,29343.98,526
LBR,0,2,0.4978685,0.74152,29343.98,80
IND,0,4,0.247905201,0.28566,29343.98,59
IND,0,3,0.333473854,0.48775,77.5198,66
IND,0,2,0.501554199,0.75211,159.8061,100
LBR,0,2,0.498339905,0.76353,29343.98,223
LBR,0,2,0.48878577,0.49933,29343.98,181
LBR,0,2,0.504292637,0.50527,29343.98,183
LBR,0,1,1.043270271,1.04276,29343.98,598
LBR,0,1,1.008723236,1.0114,29343.98,598
LBR,0,2,0.696227596,0.73477,29343.98,350
LBR,0,1,1.028013364,1.02633,29343.98,598
LBR,0,1,1.0220016,1.02338,29343.98,601
LBR,0,2,0.498362972,0.94952,29343.98,305
LBR,0,1,0.992825431,0.99371,29343.98,601
LBR,0,1,0.817363312,0.81836,29343.98,601
LBR,0,1,0.95495279,0.9577,29343.98,151
LBR,0,2,0.506704085,0.51389,29343.98,197
LBR,0,1,0.807102502,0.80609,29343.98,317
LBR,0,2,0.504965494,0.73705,29343.98,198
IND,0,2,0.497789041,0.74779,115.6718,98
IND,0,2,0.511614268,0.51445,159.5033,159
LBR,0,2,0.507102566,0.77451,29343.98,102
IND,0,2,0.493514711,0.72675,114.8637,140
LBR,0,2,0.492452223,0.49323,29343.98,159
IND,0,3,0.335505837,0.50624,81.4812,132
LBR,0,3,0.335768693,0.50675,29343.98,69
RE,0,2,0.484596746,0.73368,816.5568,173
LBR,0,1,0.962258099,0.96257,29343.98,229
IND,1,2,0.498415485,0.52359,70.3853,67
IND,1,3,0.334808973,0.48097,64.6455,45
IND,1,4,0.249684773,0.27058,43.3487,50
IND,1,4,0.249706595,0.27295,43.7237,49
IND,1,2,0.501573779,0.52176,71.7776,69
IND,1,4,0.249183233,0.27083,39.1282,36
IND,1,4,0.24841239,0.28174,44.2336,39
IND,1,2,0.494176227,0.51725,82.6901,79
IND,1,3,0.334201416,0.49824,79.0149,77
IND,1,4,0.251876154,0.27807,43.0569,59
IND,1,3,0.337596572,0.51172,78.8217,65
IND,1,4,0.252322948,0.26474,80.0756,48
IND,1,4,0.252167061,0.26111,41.4197,50
IND,1,3,0.333933994,0.5151,81.7548,67
IND,1,4,0.253158148,0.2763,43.6572,59
IND,1,3,0.335604468,0.48974,77.3429,78
IND,1,3,0.334691042,0.49843,78.9304,53
IND,1,3,0.330708862,0.48207,75.8007,52
IND,1,2,0.501083593,0.51115,81.6078,80
IND,1,2,0.378357927,0.53321,84.5574,60
IND,1,2,0.49448773,0.49797,78.5498,78
IND,1,2,0.503255629,0.51006,82.0955,81
IND,1,2,0.498094787,0.50189,80.6098,80
IND,1,2,0.499796957,0.50553,80.918,80
IND,1,2,0.498607017,0.49884,80.0388,80
IND,1,3,0.332407193,0.49869,79.5127,53
IND,1,2,0.498763068,0.51206,77.0003,75
IND,1,2,0.503240871,0.50935,75.9107,75
IND,1,2,0.501061624,0.51015,81.4525,80
IND,1,2,0.500431622,0.53954,86.2521,80
IND,1,2,0.501219634,0.49997,74.8132,75
IND,1,2,0.498160129,0.50123,75.4629,75
IND,1,2,0.505886394,0.54318,86.9726,81
IND,1,2,0.500171934,0.50065,80.0776,80
IND,1,3,0.337274448,0.50183,80.3468,54
IND,1,3,0.329589692,0.48612,78.1714,53
IND,1,2,0.497921179,0.49971,80.2878,80
IND,1,4,0.25261137,0.2567,40.6482,40
IND,1,2,0.49940577,0.50025,79.1343,79
IND,1,3,0.336337099,0.49659,78.253,53
IND,1,3,0.335281763,0.50171,79.3092,53
IND,1,2,0.498392684,0.51335,82.4017,80
IND,1,3,0.329821461,0.49613,79.7246,67
IND,1,3,0.331359763,0.53286,85.2303,67
IND,1,4,0.252785379,0.28831,45.6219,40
IND,1,3,0.332076039,0.49866,79.5882,53
IND,1,3,0.332711853,0.4994,79.5542,53
IND,1,3,0.335583218,0.53963,85.2263,53
IND,1,3,0.334691042,0.5129,81.2207,53
IND,1,3,0.335483381,0.54335,85.8392,67
IND,1,3,0.330448266,0.47654,74.9906,64
IND,1,3,0.335010493,0.47669,75.4148,53
IND,1,2,0.506237344,0.54621,87.397,81
IND,1,2,0.500569398,0.55384,88.5144,80
IND,1,2,0.498600802,0.50476,80.9894,80
IND,1,2,0.498057575,0.52055,83.6143,80
IND,1,2,0.498356685,0.54345,86.1492,79
IND,1,2,0.498521054,0.51329,77.2232,75
IND,1,2,0.503241271,0.54394,82.1477,76
IND,1,2,0.498709038,0.54731,86.6999,79
IND,1,2,0.495661394,0.53662,85.5281,79
IND,1,3,0.33269838,0.488,74.8073,64
IND,1,3,0.332043472,0.50538,79.146,65
IND,1,2,0.501589411,0.552,88.041,80
IND,1,2,0.502999595,0.54579,88.9768,82
IND,1,2,0.49997531,0.50968,82.5737,81
IND,1,2,0.497249779,0.54632,88.9944,81
IND,1,2,0.501461577,0.54145,88.5393,82
IND,1,3,0.334940627,0.53623,84.8515,53
IND,1,3,0.33512912,0.48781,77.1468,68
IND,1,4,0.247515327,0.28116,81.9931,49
IND,1,2,0.501323112,0.53636,84.5228,79
IND,1,3,0.332252989,0.53283,84.9964,53
IND,1,2,0.497114846,0.5047,80.2069,79
IND,1,2,0.497778898,0.53292,84.5783,79
IND,1,2,0.502301167,0.52287,83.2761,80
IND,1,2,0.498783373,0.50915,75.5386,74
IND,1,3,0.336604438,0.49767,76.8831,52
IND,1,2,0.501888355,0.50271,80.1314,80
IND,1,2,0.501730972,0.511,81.4789,80
IND,1,3,0.333178269,0.49754,79.1458,53
IND,1,4,0.252453533,0.26029,79.0017,49
IND,1,4,0.251317848,0.26974,42.9334,50
IND,1,3,0.332897844,0.51083,81.3294,53
IND,1,2,0.501098562,0.52113,81.1196,78
IND,1,2,0.503788356,0.53537,80.7653,76
IND,1,4,0.250900104,0.26749,42.6455,40
IND,1,3,0.332523983,0.49817,79.4032,53
IND,1,2,0.502881374,0.50885,74.879,74
IND,1,3,0.330471542,0.50119,72.7968,48
IND,1,2,0.50087975,0.50569,78.7499,78
IND,1,3,0.333188098,0.54758,85.4611,52
IND,1,3,0.33228571,0.49536,71.5575,83
IND,1,3,0.336778295,0.49091,105.2184,72
IND,1,3,0.335101927,0.46871,75.5308,54
IND,1,2,0.490202162,0.53131,85.6253,79
IND,1,1,1.000461752,1.00062,461.6392,462
IND,1,1,0.99806297,1.00003,461.6392,462
IND,1,1,0.993851294,0.99574,461.6392,462
IND,1,3,0.33764561,0.51019,81.596,54
IND,1,3,0.337421971,0.53065,84.9252,54
IND,1,2,0.498327045,0.50558,85.224,84
IND,1,4,0.249774912,0.26707,45.9783,74
IND,1,4,0.249853211,0.27207,43.5577,50
IND,1,3,0.335441229,0.51909,83.5645,54
IND,1,3,0.335189289,0.48819,78.6502,54
IND,1,2,0.497654802,0.51204,82.3132,80
IND,1,3,0.329924117,0.49953,80.2475,53
IND,1,3,0.332269653,0.45889,73.1972,53
IND,1,3,0.331687413,0.51274,81.9309,67
IND,1,3,0.335336919,0.49912,78.8874,66
IND,1,2,0.499371045,0.53556,84.7266,79
IND,1,4,0.248117895,0.27264,41.756,38
IND,1,3,0.33577669,0.50754,80.113,66
IND,1,4,0.251580238,0.25671,79.2426,49
IND,1,3,0.330589227,0.46418,71.6094,51
IND,1,4,0.24968789,0.26816,82.4718,48
IND,1,3,0.333787284,0.47757,71.5394,50
IND,1,3,0.333729359,0.51439,77.0672,50
IND,1,4,0.249718223,0.28841,82.4718,47
IND,1,2,0.497395053,0.51905,81.3961,78
IND,1,3,0.3326348,0.49093,73.7942,50
IND,1,3,0.335719178,0.50589,75.3449,50
IND,1,2,0.501982186,0.52692,164.0368,78
IND,1,2,0.498239983,0.53163,164.0368,77
IND,1,1,0.995126432,0.99808,156.4636,156
IND,1,3,0.330671008,0.47695,75.0033,52
IND,1,3,0.335347568,0.47939,74.3367,58
IND,1,2,0.500898487,0.50586,80.7927,80
IND,1,2,0.50385766,0.51468,81.7196,80
IND,1,3,0.33477772,0.50783,80.3969,53
IND,1,2,0.502398955,0.52117,82.9895,80
IND,1,2,0.50142593,0.50039,79.835,80
IND,1,3,0.334133994,0.49029,77.7702,53
IND,1,3,0.333719524,0.4641,73.7079,53
IND,1,3,0.33178708,0.51001,81.4703,53
IND,1,3,0.332236527,0.4854,75.9728,52
IND,1,4,0.246993331,0.25368,40.0561,39
IND,1,4,0.25026121,0.26174,85.5065,51
IND,1,3,0.334279407,0.49486,78.4602,67
IND,1,4,0.24980172,0.25722,83.8104,51
IND,1,3,0.336778032,0.48095,77.1183,67
IND,1,3,0.330826129,0.4734,75.8425,53
IND,1,4,0.249967192,0.27075,43.3265,40
IND,1,3,0.337561183,0.51878,82.9901,67
IND,1,4,0.245376367,0.26694,89.2057,63
IND,1,3,0.334531599,0.5344,94.251,74
IND,1,2,0.500481714,0.52722,84.2756,80
IND,1,2,0.503841794,0.50232,79.759,80
IND,1,2,0.50457269,0.5143,89.697,88
IND,1,2,0.497273668,0.5377,92.9925,86
IND,1,3,0.334416506,0.51052,80.9098,53
IND,1,2,0.504013205,0.53285,84.5785,80
IND,1,3,0.332684703,0.52189,83.1428,53
IND,1,2,0.496877221,0.52305,83.1618,79
IND,1,4,0.252547574,0.27018,42.7942,40
IND,1,4,0.247010539,0.28026,44.2503,39
IND,1,3,0.333637594,0.49662,78.8912,53
IND,1,2,0.499800712,0.52319,82.697,79
IND,1,2,0.502295299,0.54097,85.0829,79
IND,1,3,0.333715322,0.42866,68.0796,53
IND,1,2,0.501440849,0.51302,80.8253,79
IND,1,4,0.25301563,0.25646,40.5447,40
IND,1,2,0.502042686,0.55917,89.1044,80
IND,1,2,0.499399456,0.53587,84.7693,79
IND,1,3,0.329850869,0.52997,83.5497,52
IND,1,2,0.504750968,0.50263,79.6646,80
IND,1,2,0.49693348,0.514,81.7145,79
IND,1,2,0.499955132,0.5049,78.7725,78
IND,1,2,0.497874459,0.54351,85.1502,78
IND,1,3,0.331510028,0.48213,75.6262,52
IND,1,2,0.499433335,0.50299,78.5559,78
IND,1,4,0.255770829,0.28766,85.1896,59
VAC,1,3,0.330929849,0.50696,79.6607,80
IND,1,2,0.497550038,0.53049,84.2305,126
IND,1,2,0.499905081,0.59471,211.9596,116
IND,1,2,0.498083325,0.5147,81.6357,79
IND,1,2,0.499017756,0.51219,81.0859,79
IND,1,4,0.247319124,0.26882,42.3916,39
VAC,1,2,0.500037978,0.53682,84.8122,79
IND,1,3,0.331569135,0.53381,85.3288,53
IND,1,4,0.249024137,0.26807,43.0605,40
IND,1,4,0.250593594,0.27582,44.0273,40
IND,1,3,0.333639694,0.45099,71.6421,53
IND,1,4,0.248672709,0.27963,44.9797,40
IND,1,4,0.249185475,0.2796,44.8825,51
IND,1,3,0.335403727,0.45845,73.811,66
IND,1,4,0.247714831,0.2949,47.6208,40
IND,1,3,0.336195143,0.50616,81.3008,54
IND,1,3,0.329419662,0.50993,82.0429,53
IND,1,3,0.334055057,0.45354,73.3159,54
IND,1,3,0.33463469,0.45462,73.3624,54
IND,1,4,0.25045238,0.27936,44.618,40
IND,1,3,0.331663379,0.54971,94.4743,57
IND,1,2,0.500232251,0.52287,87.803,84
IND,1,2,0.501394503,0.5627,89.7832,80
IND,1,3,0.331855637,0.52567,83.9553,53
IND,1,4,0.248035378,0.26486,83.2877,41
IND,1,2,0.494813734,0.50374,81.4441,80
IND,1,3,0.331841092,0.52496,83.8448,53
VAC,1,2,0.49562917,0.72175,197.6955,121
VAC,1,2,0.501746822,0.50296,197.6955,139
IND,1,3,0.331789157,0.48498,77.4717,53
IND,1,3,0.332240492,0.49854,79.5293,53
IND,1,2,0.497184692,0.56609,91.0879,285
VAC,1,1,1.000640161,1.00197,479.7568,480
VAC,1,1,0.998010178,0.99923,479.7568,480
VAC,1,2,0.496207117,0.54393,479.7568,276
IND,1,4,0.250865486,0.27497,86.3967,60
IND,1,4,0.245098039,0.25152,78.3843,58
IND,1,3,0.331374265,0.48946,78.2852,65
IND,1,3,0.337028161,0.51136,81.9329,67
IND,1,2,0.498860199,0.50222,79.5322,79
IND,1,3,0.333146855,0.46247,73.5743,53
IND,1,3,0.334543472,0.47895,77.3096,54
IND,1,1,1.00059041,1.00055,160.9934,161
IND,1,3,0.336668255,0.47633,74.9866,65
IND,1,2,0.501114659,0.50131,78.0306,78
IND,1,1,0.503339464,0.50192,77.7806,78
IND,0,2,0.510060268,0.53461,79.6581,156
IND,0,2,0.510036307,0.52886,78.8052,76
IND,0,1,1.003240279,1.00553,161.3678,161
RR,0,1,0.997207818,0.99468,10434.76,232
IND,0,3,0.331365428,0.49893,73.7786,49
IND,0,1,1.000770864,0.99908,147.75,148
IND,0,4,0.252654451,0.45866,72.6156,40
IND,0,2,0.498957873,0.53253,84.3163,79
IND,0,1,1.001966593,1.00224,161.0445,161
IND,0,2,0.500860855,0.50339,80.405,80
IND,0,3,0.331341119,0.48912,78.239,53
IND,0,1,1.002989926,1.00254,199.4717,199
IND,0,4,0.247032444,0.26313,199.4717,79
RR,0,2,0.500909881,0.74169,10434.76,158
RR,0,1,1.003901236,1.00483,10434.76,275
IND,0,4,0.250689396,0.25237,695.6422,40
IND,0,2,0.50124057,0.50015,79.8262,80
IND,0,4,0.250571617,0.25202,40.232,40
IND,0,3,0.332109333,0.50213,80.1337,53
RR,0,2,0.49861634,0.75335,10434.76,219
IND,0,1,0.998103603,0.99934,160.1997,160
RR,0,2,0.498541765,0.73358,10434.76,221
RR,0,1,1.002471934,1.00253,10434.76,400
IND,0,2,0.499386829,0.62861,258.5961,159
IND,0,2,0.499437343,0.50184,79.3801,79
IND,0,2,0.50353735,0.50368,80.0237,80
IND,0,1,1.000843478,1.00181,258.5961,259
IND,0,1,1.000800641,1.00299,160.3508,160
IND,0,1,0.99814809,0.99884,159.1111,159
IND,0,1,0.998881755,1.0002,159.2094,159
IND,0,1,0.997134024,0.99963,159.3988,159
IND,0,4,0.252552357,0.49391,78.2271,40
IND,0,3,0.337618166,0.49171,78.6464,54
IND,0,1,0.970831219,0.96896,154.7025,155
IND,0,2,0.494757474,0.49938,78.7296,78
IND,0,1,1.015981451,1.01557,162.9343,163
IND,0,1,0.985902226,0.98348,156.615,157
IND,0,6,0.163523041,0.58272,92.653,26
IND,0,4,0.252794964,0.28403,44.9435,40
IND,0,4,0.24793546,0.49854,78.4211,39
IND,0,3,0.329049364,0.49561,78.322,52
IND,0,1,0.99033335,0.99216,159.2947,159
IND,0,1,0.998658053,0.99829,321.2911,321
IND,0,1,1.001779559,1.00395,321.2911,321
IND,0,1,1.006011228,1.00368,161.6243,162
IND,0,3,0.333293506,0.54406,86.5163,53
IND,0,1,0.998900581,1.00044,159.2446,159
IND,0,1,1.002869848,1,158.5452,159
IND,0,1,1.004060446,1.00098,158.5116,159
IND,0,1,1.000919595,1.00002,159.856,160
IND,0,1,0.993687895,0.99536,159.2678,159
IND,0,2,0.498429946,0.61222,98.2645,80
IND,0,1,1.004216462,1.00148,160.561,161
IND,0,2,0.49956999,0.74495,230.8408,195
IND,0,2,0.50190095,0.53375,85.0768,158
IND,0,1,1.000830878,1.00017,158.8944,159
IND,0,2,0.494842221,0.75011,159.2333,195
RR,0,4,0.254245907,0.26812,10434.76,148
RR,0,2,0.496306336,0.73651,10434.76,258
RR,0,1,0.99643315,0.99802,10434.76,433
RR,0,2,0.500887649,0.77559,10434.76,235
IND,0,2,0.501970233,0.51197,81.5946,80
IND,0,2,0.498594587,0.50266,80.6531,80
IND,0,1,0.999200639,1.00176,160.4097,160
IND,0,3,0.333259974,0.53309,84.7813,53
IND,0,3,0.334408066,0.50345,79.792,53
IND,0,1,0.999696295,1.00002,158.0507,158
IND,0,1,1.000925384,0.99959,199.1908,199
RR,0,3,0.33278706,0.502,10434.76,106
IND,0,3,0.334638212,0.38342,60.7272,53
IND,0,3,0.331132154,0.49888,78.3426,52
IND,0,3,0.332459561,0.50104,78.3688,52
IND,0,4,0.247225057,0.25711,40.5599,39
IND,0,2,0.503678768,0.50248,78.8128,79
IND,0,4,0.249236314,0.25388,39.7281,39
IND,0,4,0.248830814,0.254,39.811,39
IND,0,4,0.248235302,0.25919,40.7221,39
IND,0,3,0.333423504,0.49392,78.5135,53
IND,0,1,1.007853886,1.00516,325.9313,326
IND,0,1,0.991571641,0.99383,325.9313,326
IND,0,1,0.999120271,0.99998,159.1381,159
IND,0,2,0.49960344,0.75232,204.3063,122
IND,0,2,0.501194203,0.53228,86.0245,81
IND,0,2,0.49899254,0.5229,82.7866,79
IND,0,4,0.249954696,0.52389,204.3063,70
IND,0,1,0.994912095,0.99205,397.7751,398
IND,0,2,0.50307821,0.50212,397.7751,239
IND,0,3,0.331824471,0.48802,77.9486,53
IND,0,1,1.003159954,1.00555,397.7751,398
RR,0,1,1.000037737,0.99994,10434.76,318
IND,0,2,0.497531237,0.50044,79.4628,199
IND,0,2,0.499853168,0.50366,159.3,219
IND,0,4,0.249500998,0.25959,41.6187,60
IND,0,3,0.336021505,0.74319,117.222,53
IND,0,1,0.999440565,1.00044,159.159,159
IND,0,2,0.50185687,0.51427,81.98,80
IND,0,1,0.999601425,0.99998,158.061,158
IND,0,1,0.99699647,0.99847,159.2362,159
IND,0,2,0.505845679,0.75481,198.026,119
RE,0,2,0.498463596,0.50581,80.1643,139
IND,0,2,0.494962659,0.75356,120.2749,79
IND,0,3,0.338566484,0.50715,80.8886,120
IND,0,1,0.996758966,0.99754,236.7616,237
RE,0,2,0.499950005,0.74932,238.9463,238
RE,0,2,0.500228229,0.74435,238.9463,140
IND,0,2,0.496666129,0.74538,120.0627,80
IND,0,3,0.331529728,0.51806,162.3147,80
LBR,0,2,0.499263586,0.50387,29343.98,122
RE,0,3,0.330294211,0.50541,816.5568,53
RE,0,2,0.498560407,0.52868,816.5568,80
IND,0,4,0.250643841,0.25448,40.6125,40
IND,0,2,0.49990002,0.74699,119.5434,80
IND,0,1,1.001644676,1.00336,162.2778,162
IND,0,3,0.334769536,0.50451,81.3811,54
IND,1,3,0.33574691,0.4766,75.235,53
IND,1,3,0.329751691,0.4987,80.1553,53
IND,1,3,0.335168484,0.49247,79.3439,54
IND,1,4,0.252022325,0.26804,85.7859,61
IND,1,3,0.335894007,0.50327,80.9086,66
IND,1,2,0.501152651,0.50176,80.0979,80
IND,1,3,0.331028625,0.49494,79.2435,53
IND,1,3,0.335837042,0.52663,81.5424,52
OTHER_ND,1,2,0.500897177,0.74023,116.7475,79
LBR,1,1,0.998029208,0.99902,675.5686,400
LBR,1,2,0.498850749,0.49912,675.5686,239
LBR,1,3,0.33381411,0.52117,675.5686,159
LBR,1,3,0.333856165,0.50188,675.5686,160
RE,1,1,0.978243608,0.97937,1109.086,635
RE,1,1,0.97942578,0.97661,1109.086,635
RE,1,1,1.017853017,1.01881,1109.086,635
RE,1,1,1.01785647,1.01835,1109.086,635
OTHER_ND,1,2,0.501633367,0.52237,85.3909,82
IND,1,2,0.497995721,0.50436,82.0358,81
IND,1,3,0.334562165,0.5124,81.1732,79
IND,1,3,0.332292568,0.49064,200.1479,66
IND,1,3,0.332994056,0.49619,78.9757,53
IND,1,3,0.334720635,0.50305,79.6536,53
IND,1,4,0.252152754,0.25658,40.7025,40
IND,1,4,0.252394594,0.25711,40.7484,40
IND,1,2,0.499393143,0.50036,79.154,79
IND,1,3,0.333980289,0.49699,78.8695,53
LBR,1,1,0.999487604,1.00045,675.5686,158
IND,1,3,0.334416506,0.52173,82.6873,65
IND,1,4,0.247267378,0.26036,41.0664,49
IND,1,3,0.336379792,0.53153,83.749,53
OTHER_ND,1,4,0.252815735,0.25953,81.2252,40
IND,1,4,0.247642633,0.30962,48.7607,70
IND,1,3,0.333894023,0.4993,111.1103,63
OTHER_ND,1,3,0.334566511,0.5392,200.1479,77
IND,1,2,0.496498717,0.50072,77.6547,93
IND,1,2,0.500350895,0.5024,77.3166,77
IND,1,4,0.247740165,0.27028,42.5498,39
IND,1,4,0.247068438,0.25814,40.7483,39
IND,1,4,0.251092251,0.26031,81.2107,40
IND,1,3,0.333614493,0.52282,83.0594,53
IND,1,3,0.330570265,0.51922,83.2475,53
IND,1,2,0.49822197,0.50036,80.3437,80
IND,1,3,0.335466236,0.48711,78.4105,54
IND,1,3,0.330115229,0.50489,81.0604,53
IND,1,3,0.330694021,0.50369,80.7262,66
IND,1,3,0.331836937,0.53634,85.6634,66
IND,1,3,0.334348997,0.49334,78.2032,53
IND,1,3,0.333067298,0.49986,79.5419,53
IND,1,4,0.250532381,0.26051,41.5941,40
IND,1,4,0.24780601,0.26305,43.5227,41
IND,1,3,0.331758004,0.48223,77.0397,53
IND,1,2,0.50240842,0.51465,81.9505,80
IND,1,3,0.335417715,0.51646,86.2263,56
IND,1,3,0.336312098,0.55189,91.8968,56
IND,1,3,0.333065205,0.49775,79.207,53
IND,1,4,0.252369115,0.26885,42.6132,40
IND,1,2,0.501008359,0.52315,82.4923,79
IND,1,2,0.497424725,0.51317,81.5021,79
IND,1,2,0.501133815,0.51186,81.7127,80
IND,1,3,0.336339628,0.53705,86.2257,67
IND,1,4,0.249264669,0.27161,82.6902,69
IND,1,4,0.251161623,0.27702,44.1195,61
IND,1,2,0.495276069,0.53748,85.7328,79
IND,1,3,0.333050555,0.5183,82.4807,53
IND,1,4,0.250399074,0.25628,40.9405,40
IND,1,2,0.502499937,0.51518,82.0193,80
IND,1,2,0.49814614,0.52282,82.9141,79
IND,1,3,0.332264124,0.49823,77.9753,52
IND,1,2,0.500160308,0.51999,81.0935,78
IND,1,2,0.502391127,0.52716,82.8962,79
IND,1,4,0.373943135,0.49969,78.8403,59
IND,1,3,0.327567309,0.48526,77.0331,73
IND,1,4,0.247181184,0.33888,53.4685,68
IND,1,3,0.248064777,0.25873,40.6781,52
IND,1,3,0.423731493,0.79482,125.6761,67
IND,1,4,0.248780973,0.25646,41.2357,40
IND,0,1,1.000994739,1.00052,159.9242,160
IND,1,3,0.33441295,0.50392,81.3725,54
IND,1,3,0.334935649,0.45402,73.2002,80
IND,1,4,0.303634944,0.48787,122.0155,97
IND,1,3,0.327952032,0.50147,81.0432,53
